{
  "label": "after_refactor_10_runs",
  "target_file": "main_refactored.py",
  "sample_size": 10,
  "source_history_file": "history.json",
  "run_id_range": {
    "start": 11,
    "end": 20
  },
  "average_metrics": {
    "duration_seconds": 7.111156912475169e-07,
    "emission_kg": 7.184737712911134e-07,
    "energy_consumed_kWh": 1.3073071242944445e-06,
    "emissions_rate_gCO2eq_per_kWh": 24.992021373566082,
    "total_emissions_gCO2eq": 3.267224899244206e-05,
    "lines_of_code": 37.0,
    "sci_gCO2eq_per_line": 8.830337565524884e-07,
    "cfp": 30.0,
    "sci_per_cfp": 3.025208240040932e-10
  },
  "status_counts": {
    "Initial": 1,
    "Normal": 9
  }
}